﻿{"cameraMode":{"drawMode":0,"name":"Shaded","section":"Shading Mode"},"sceneLighting":true,"audioPlay":false,"sceneViewState":{"showFog":true,"showMaterialUpdate":false,"showSkybox":true,"showFlares":true,"showImageEffects":true,"showParticleSystems":true},"in2DMode":false,"pivot":{"x":10.979673385620118,"y":7.526338577270508,"z":7.366692066192627},"rotation":{"x":0.16916057467460633,"y":-0.48524823784828188,"z":0.09629414230585098,"w":0.8524383902549744},"size":37.9293212890625,"orthographic":false}