﻿{"cameraMode":{"drawMode":0,"name":"Shaded","section":"Shading Mode"},"sceneLighting":true,"audioPlay":false,"sceneViewState":{"showFog":true,"showMaterialUpdate":false,"showSkybox":true,"showFlares":true,"showImageEffects":true,"showParticleSystems":true},"in2DMode":false,"pivot":{"x":1.3679084777832032,"y":2.7906694412231447,"z":4.359724044799805},"rotation":{"x":-0.022187378257513047,"y":-0.013186836615204811,"z":-0.0002968624175991863,"w":0.9996744394302368},"size":15.530319213867188,"orthographic":false}