﻿{"cameraMode":{"drawMode":0,"name":"Shaded","section":"Shading Mode"},"sceneLighting":false,"audioPlay":false,"sceneViewState":{"showFog":true,"showMaterialUpdate":false,"showSkybox":true,"showFlares":true,"showImageEffects":true,"showParticleSystems":true},"in2DMode":false,"pivot":{"x":0.03219729661941528,"y":0.042997077107429507,"z":0.09311598539352417},"rotation":{"x":-0.08319637179374695,"y":0.5211203694343567,"z":-0.05113337188959122,"w":-0.8478802442550659},"size":1.9100966453552247,"orthographic":false}