﻿{"cameraMode":{"drawMode":0,"name":"Shaded","section":"Shading Mode"},"sceneLighting":false,"audioPlay":false,"sceneViewState":{"showFog":true,"showMaterialUpdate":false,"showSkybox":true,"showFlares":true,"showImageEffects":true,"showParticleSystems":true},"in2DMode":false,"pivot":{"x":0.0003431364893913269,"y":0.09060318768024445,"z":0.12337682396173477},"rotation":{"x":-0.0501457154750824,"y":0.6880615949630737,"z":-0.04776545614004135,"w":-0.722342312335968},"size":2.4387900829315187,"orthographic":false}