﻿{"cameraMode":{"drawMode":0,"name":"Shaded","section":"Shading Mode"},"sceneLighting":false,"audioPlay":false,"sceneViewState":{"showFog":true,"showMaterialUpdate":false,"showSkybox":true,"showFlares":true,"showImageEffects":true,"showParticleSystems":true},"in2DMode":false,"pivot":{"x":0.1863880157470703,"y":0.8192567825317383,"z":-0.4747962951660156},"rotation":{"x":0.14546479284763337,"y":-0.5016672611236572,"z":0.0860212966799736,"w":0.8484010696411133},"size":89.68379211425781,"orthographic":false}