﻿{"cameraMode":{"drawMode":0,"name":"Shaded","section":"Shading Mode"},"sceneLighting":false,"audioPlay":false,"sceneViewState":{"showFog":true,"showMaterialUpdate":false,"showSkybox":true,"showFlares":true,"showImageEffects":true,"showParticleSystems":true},"in2DMode":false,"pivot":{"x":0.056595802307128909,"y":0.23025056719779969,"z":0.2257843017578125},"rotation":{"x":0.14546479284763337,"y":-0.5016672611236572,"z":0.0860212966799736,"w":0.8484010696411133},"size":47.048255920410159,"orthographic":false}