﻿{"cameraMode":{"drawMode":0,"name":"Shaded","section":"Shading Mode"},"sceneLighting":true,"audioPlay":false,"sceneViewState":{"showFog":true,"showMaterialUpdate":false,"showSkybox":true,"showFlares":true,"showImageEffects":true,"showParticleSystems":true},"in2DMode":false,"pivot":{"x":72.08689880371094,"y":27.1788272857666,"z":20.85962677001953},"rotation":{"x":-0.05571537837386131,"y":0.8857658505439758,"z":-0.11030980944633484,"w":-0.4473830461502075},"size":2.271836757659912,"orthographic":false}