﻿{"cameraMode":{"drawMode":0,"name":"Shaded","section":"Shading Mode"},"sceneLighting":false,"audioPlay":false,"sceneViewState":{"showFog":true,"showMaterialUpdate":false,"showSkybox":true,"showFlares":true,"showImageEffects":true,"showParticleSystems":true},"in2DMode":false,"pivot":{"x":0.09329986572265625,"y":12.948685646057129,"z":1.3147697448730469},"rotation":{"x":0.14546479284763337,"y":-0.5016672611236572,"z":0.0860212966799736,"w":0.8484010696411133},"size":222.31881713867188,"orthographic":false}